{"Area":[1.0,0.0,0.0,0.0,0.0,0.0,0.0,1.0,1.0,0.0,1.0,1.0,1.0,1.0,0.0,0.0,0.0,0.0,0.0,0.0,0.0,0.0,0.2348141951384728,0.0,0.0,0.0,0.0,0.0,0.0,1.0,0.0,0.0,0.0,0.0,0.0,0.0,1.0,0.0,0.0,0.0,1.0,0.0,0.0,0.0,0.0,1.0,0.0,0.0,1.0,0.0,0.0,1.0,1.0,0.0,0.0,0.0,1.0,0.0,0.0,0.0,0.0,0.0,0.0,1.0,0.0,0.0,1.0,0.0,0.0,0.0,0.0,0.0,0.0,0.0,0.0,1.0,0.0,0.0,0.0,1.0,1.0,0.0,0.0,0.0,0.0,0.0,0.0,0.0,1.0,1.0,0.0,0.0,0.0,0.0,1.0,1.0,0.0,0.0,0.0,0.7085960451138571,1.0,1.0,0.0,0.0,0.0,0.0,0.2348141951384272,0.18614121784659868,0.0,0.0,0.0,0.0,0.0,0.0,0.0,0.0,0.0,0.0,0.0,0.0,0.0,0.6628444923835887,0.0,0.0,0.0,0.0,0.4060431894444593,1.0,0.0,0.0,0.0,0.0,1.0,0.0,1.0,0.0,0.0,0.0,1.0,0.0,0.0,1.0,0.0,0.0,0.0,0.0,0.0,0.0,0.0,0.6923842139372589,0.0,1.0,0.0,0.0,0.0,0.0,1.0,1.0,0.0,0.6923842139372058,0.0,0.0,1.0,0.0,0.0,0.0,0.4060431894446369,0.0,0.0,0.0,1.0,0.0,0.0,1.0,0.0,0.0,0.0,1.0,0.0,0.0,0.0,0.0,0.0,0.7085960451134049,0.0,0.0,0.0,0.0,0.9775049117533003,0.0,0.0,0.0,0.0,0.0,1.0,0.0,0.0,0.0,0.0,0.0,0.0,0.0,0.0,1.0,0.9775049117532966,0.0,0.0,0.0,0.0,0.9133091261916487,0.6628444923835909,0.0,1.0,0.0,0.0,0.0,0.0,0.0,0.0,1.0,0.9133091261916118,0.0],"Nodes":{"5":[55.55555555555556,0.0,7.023309371714805],"16":[88.8888888888889,0.0,14.04661874342961],"20":[44.44444444444444,0.0,14.04661874342961],"35":[22.22222222222222,0.0,21.069928115144414],"12":[0.0,0.0,21.069928115144414],"24":[22.22222222222222,0.0,0.0],"28":[100.00000000000001,0.0,14.04661874342961],"8":[0.0,0.0,14.04661874342961],"17":[88.8888888888889,0.0,7.023309371714805],"30":[77.77777777777779,0.0,21.069928115144414],"1":[66.66666666666667,0.0,0.0],"19":[66.66666666666667,0.0,7.023309371714805],"22":[33.33333333333333,0.0,7.023309371714805],"23":[33.33333333333333,0.0,14.04661874342961],"6":[44.44444444444444,0.0,7.023309371714805],"32":[66.66666666666667,0.0,14.04661874342961],"11":[0.0,0.0,0.0],"36":[22.22222222222222,0.0,7.023309371714805],"37":[11.11111111111111,0.0,0.0],"9":[11.11111111111111,0.0,7.023309371714805],"31":[44.44444444444444,0.0,21.069928115144414],"14":[88.8888888888889,0.0,0.0],"3":[55.55555555555556,0.0,14.04661874342961],"39":[100.00000000000001,0.0,21.069928115144414],"29":[100.00000000000001,0.0,7.023309371714805],"7":[11.11111111111111,0.0,14.04661874342961],"25":[22.22222222222222,0.0,14.04661874342961],"33":[66.66666666666667,0.0,21.069928115144414],"40":[77.77777777777779,0.0,0.0],"34":[77.77777777777779,0.0,14.04661874342961],"4":[55.55555555555556,0.0,21.069928115144414],"13":[100.00000000000001,0.0,0.0],"15":[88.8888888888889,0.0,21.069928115144414],"2":[55.55555555555556,0.0,0.0],"10":[0.0,0.0,7.023309371714805],"18":[77.77777777777779,0.0,7.023309371714805],"21":[44.44444444444444,0.0,0.0],"26":[33.33333333333333,0.0,21.069928115144414],"27":[33.33333333333333,0.0,0.0],"38":[11.11111111111111,0.0,21.069928115144414]},"Elements":{"56":[26,7],"35":[28,17],"60":[20,27],"220":[16,30],"67":[25,9],"215":[37,8],"73":[34,32],"115":[22,36],"112":[5,21],"185":[32,5],"86":[39,14],"168":[35,37],"207":[36,37],"183":[32,31],"177":[33,5],"12":[13,15],"75":[34,4],"23":[6,21],"111":[5,31],"41":[3,26],"68":[25,37],"82":[24,38],"130":[27,25],"125":[18,33],"77":[34,19],"172":[35,8],"71":[25,12],"66":[25,36],"103":[4,6],"59":[20,6],"208":[36,11],"26":[6,24],"211":[36,24],"127":[18,2],"116":[22,37],"100":[31,23],"79":[24,9],"195":[17,34],"141":[9,37],"135":[29,16],"138":[29,14],"222":[16,19],"107":[5,2],"46":[30,33],"57":[10,11],"152":[14,40],"170":[35,9],"129":[27,35],"78":[34,5],"133":[29,13],"72":[34,18],"184":[32,4],"1":[1,2],"137":[29,15],"22":[19,21],"154":[14,34],"206":[36,9],"33":[28,30],"40":[3,21],"113":[5,27],"165":[21,23],"142":[9,11],"5":[1,6],"55":[26,24],"114":[22,27],"136":[29,34],"117":[22,25],"45":[30,32],"145":[23,25],"158":[40,1],"218":[16,40],"176":[33,2],"28":[6,26],"148":[23,38],"92":[2,31],"36":[28,18],"118":[22,7],"162":[40,5],"84":[39,16],"7":[7,9],"25":[6,23],"95":[31,20],"203":[38,8],"93":[2,6],"18":[19,3],"147":[23,9],"157":[12,8],"16":[19,1],"19":[19,20],"44":[3,22],"31":[28,16],"217":[16,17],"146":[23,22],"74":[34,1],"61":[20,36],"29":[6,27],"212":[37,10],"159":[40,33],"193":[17,18],"101":[4,31],"105":[4,23],"17":[19,5],"166":[21,22],"89":[39,28],"198":[17,40],"214":[37,12],"80":[24,37],"51":[26,23],"143":[9,8],"48":[30,19],"15":[13,18],"97":[31,22],"134":[29,17],"110":[5,23],"30":[28,29],"6":[7,8],"219":[16,33],"182":[32,2],"164":[21,26],"153":[14,30],"186":[32,6],"64":[20,35],"90":[2,21],"139":[29,40],"4":[1,5],"13":[13,16],"104":[4,21],"52":[26,35],"179":[33,3],"43":[3,6],"11":[13,14],"69":[25,38],"171":[35,7],"85":[39,15],"119":[22,24],"39":[3,20],"216":[16,34],"126":[18,1],"108":[5,6],"156":[14,19],"2":[1,3],"10":[7,12],"27":[6,25],"124":[18,3],"144":[9,10],"200":[38,12],"20":[19,4],"81":[24,10],"187":[15,30],"213":[37,11],"9":[7,11],"189":[15,18],"109":[5,20],"161":[40,19],"88":[39,34],"209":[36,8],"120":[22,35],"24":[6,22],"8":[7,10],"37":[8,10],"83":[24,7],"190":[15,40],"201":[38,7],"99":[31,25],"121":[18,19],"14":[13,17],"174":[33,4],"123":[18,32],"32":[28,14],"197":[17,30],"196":[17,32],"210":[36,7],"151":[23,36],"54":[26,36],"63":[20,22],"191":[15,32],"91":[2,20],"62":[20,26],"205":[36,38],"150":[23,24],"122":[18,40],"58":[20,23],"199":[17,1],"173":[35,38],"188":[15,16],"98":[31,27],"204":[38,11],"76":[34,33],"34":[28,15],"50":[30,34],"194":[17,14],"167":[21,36],"42":[3,31],"87":[39,17],"132":[27,9],"140":[9,12],"202":[38,10],"169":[35,25],"180":[32,19],"160":[40,32],"49":[30,3],"106":[4,20],"94":[2,22],"102":[4,3],"128":[27,24],"70":[25,10],"21":[19,2],"38":[3,5],"163":[21,27],"131":[27,36],"192":[15,34],"221":[16,18],"53":[26,25],"47":[30,1],"175":[33,32],"3":[1,4],"178":[33,20],"96":[31,26],"149":[23,35],"155":[14,18],"181":[32,3],"65":[25,7]},